Android Developer,Toptal,Remote,9d,"$100,000 or more USD",https://weworkremotely.com/remote-jobs/toptal-android-developer-1
Lead Mobile Developer/ Tech Lead,Toptal,Remote,9d,"$100,000 or more USD",https://weworkremotely.com/remote-jobs/toptal-lead-mobile-developer-tech-lead
PHP and JS Developer,OnTheGoSystems,100% remote,9d,Not disclosed,https://weworkremotely.com/remote-jobs/onthegosystems-php-and-js-developer
Senior Fullstack Developer,Zencastr,Zencastr,9d,Not disclosed,https://weworkremotely.com/remote-jobs/zencastr-senior-fullstack-developer
iOS Native App Developer,silverorange,"Charlottetown, PE",10d,Not disclosed,https://weworkremotely.com/remote-jobs/silverorange-ios-native-app-developer-2
Full Stack Developer (m/f/d),SocialHub,"Schütterlettenweg 4, 85053 Ingolstadt, Deutschland",11d,"$25,000 - $48,999 USD",https://weworkremotely.com/remote-jobs/socialhub-full-stack-developer-m-f-d
Full-Stack Developer (TypeScript/Next.js • Cloud),VidRush,UK,12d,"$50,000 - $74,999 USD",https://weworkremotely.com/remote-jobs/vidrush-full-stack-developer-typescript-next-js-cloud
Senior Shopify Developer Remote,CloudDevs,San Francisco,29d,Not disclosed,https://weworkremotely.com/remote-jobs/clouddevs-senior-shopify-developer-remote
Full Stack Developer - YouTube Education Platform,Million View Club,Amsterdam,29d,Not disclosed,https://weworkremotely.com/remote-jobs/million-view-club-full-stack-developer-youtube-education-platform
100% Remote - Microsoft Power Platform Developer (Model Driven Power Apps / Dynamics 365 CRM),Novafy,Haryana,2d,Not disclosed,https://weworkremotely.com/remote-jobs/novafy-100-remote-microsoft-power-platform-developer-model-driven-power-apps-dynamics-365-1
100% Remote - Microsoft Power Platform Developer (Model Driven Power Apps / Dynamics 365 CRM),Novafy,Punjab,2d,Not disclosed,https://weworkremotely.com/remote-jobs/novafy-100-remote-microsoft-power-platform-developer-model-driven-power-apps-dynamics-365
".Net Developer with Azure, AngularJS, NodeJS Los Angeles CA(100% Remote)",Dynasticx LLC,California,6d,Not disclosed,https://weworkremotely.com/remote-jobs/dynasticx-llc-net-developer-with-azure-angularjs-nodejs-los-angeles-ca-100-remote
Lead ServiceNow Developer - Boston MA/ Remote - (Active Security Clearance Mandate),Aroha Technologies,Massachusetts,6d,Not disclosed,https://weworkremotely.com/remote-jobs/aroha-technologies-lead-servicenow-developer-boston-ma-remote-active-security-clearance-mandate-1
Java Backend Developer (Google Cloud Experience) - Remote opportunity,HYR Global Source Inc,Georgia,7d,Not disclosed,https://weworkremotely.com/remote-jobs/hyr-global-source-inc-java-backend-developer-google-cloud-experience-remote-opportunity
Senior Independent Software Developer ($90-$170/hr),A.Team,"NYC, SF, and TLV",7d,Not disclosed,https://weworkremotely.com/remote-jobs/a-team-senior-independent-software-developer-90-170-hr
Senior Shopify Developer (Remote + Flexible),Storetasker,"Brooklyn, NY",12d,Not disclosed,https://weworkremotely.com/remote-jobs/storetasker-senior-shopify-developer-remote-flexible-3
Senior Webflow Developer / Full-Stack Web Developer (Contract),Trojan Holdings Limited,"Queenstown, New Zealand",15d,Not disclosed,https://weworkremotely.com/remote-jobs/trojan-holdings-limited-senior-webflow-developer-full-stack-web-developer-contract
Senior Full-Stack Developer,Kodify Media Group,"Barcelona, Spain",16d,"$75,000 - $99,999 USD",https://weworkremotely.com/remote-jobs/kodify-media-group-senior-full-stack-developer-5
Senior Full Stack Developer (Ruby on Rails / React),Shopra,Calgary Alberta Canada,22d,Not disclosed,https://weworkremotely.com/remote-jobs/shopra-senior-full-stack-developer-ruby-on-rails-react
Full Stack Javascript Developer (Shape Up + Small team),Inovo Studios,"Nashville, TN",29d,Not disclosed,https://weworkremotely.com/remote-jobs/inovo-studios-full-stack-javascript-developer-shape-up-small-team-1
Senior Frontend Developer (React.js+Next.js),Proxify AB,Sweden,4d,Not disclosed,https://weworkremotely.com/remote-jobs/proxify-ab-senior-frontend-developer-react-js-next-js
Senior Front-End Wordpress Developer – Tailwind Specialist,LLCU University,Florida,7d,"$75,000 - $99,999 USD",https://weworkremotely.com/remote-jobs/llcu-university-senior-front-end-wordpress-developer-tailwind-specialist
Senior Backend Developer (Node.js / Nest.js),Proxify AB,Sweden,4d,Not disclosed,https://weworkremotely.com/remote-jobs/proxify-ab-senior-backend-developer-node-js-nest-js
Senior Golang Developer,Proxify AB,Sweden,4d,Not disclosed,https://weworkremotely.com/remote-jobs/proxify-ab-senior-golang-developer-4
Senior Backend Developer (Python),Proxify AB,Sweden,4d,Not disclosed,https://weworkremotely.com/remote-jobs/proxify-ab-senior-backend-developer-python-3
Backend Java Developer,Toptal,Remote,9d,"$100,000 or more USD",https://weworkremotely.com/remote-jobs/toptal-backend-java-developer
Senior Rust Developer,Toptal,Remote,9d,"$100,000 or more USD",https://weworkremotely.com/remote-jobs/toptal-senior-rust-developer
AI Product Developer (Apps & Agents) - Remote Sep25,Softlab Solutions,Delhi,3d,Not disclosed,https://weworkremotely.com/remote-jobs/softlab-solutions-ai-product-developer-apps-agents-remote-sep25-18
Remote Front-End Rails Developer,DesignFiles,Remote,1d,"$75,000 - $99,999 USD",https://weworkremotely.com/remote-jobs/designfiles-remote-front-end-rails-developer
Android Developer,Toptal,Remote,8d,"$100,000 or more USD",https://weworkremotely.com/remote-jobs/toptal-android-developer-1
Lead Mobile Developer/ Tech Lead,Toptal,Remote,8d,"$100,000 or more USD",https://weworkremotely.com/remote-jobs/toptal-lead-mobile-developer-tech-lead
PHP and JS Developer,OnTheGoSystems,100% remote,8d,Not disclosed,https://weworkremotely.com/remote-jobs/onthegosystems-php-and-js-developer
Senior Fullstack Developer,Zencastr,Zencastr,9d,Not disclosed,https://weworkremotely.com/remote-jobs/zencastr-senior-fullstack-developer
iOS Native App Developer,silverorange,"Charlottetown, PE",9d,Not disclosed,https://weworkremotely.com/remote-jobs/silverorange-ios-native-app-developer-2
Full Stack Developer (m/f/d),SocialHub,"Schütterlettenweg 4, 85053 Ingolstadt, Deutschland",10d,"$25,000 - $48,999 USD",https://weworkremotely.com/remote-jobs/socialhub-full-stack-developer-m-f-d
Full-Stack Developer (TypeScript/Next.js • Cloud),VidRush,UK,11d,"$50,000 - $74,999 USD",https://weworkremotely.com/remote-jobs/vidrush-full-stack-developer-typescript-next-js-cloud
Senior Shopify Developer Remote,CloudDevs,San Francisco,28d,Not disclosed,https://weworkremotely.com/remote-jobs/clouddevs-senior-shopify-developer-remote
Full Stack Developer - YouTube Education Platform,Million View Club,Amsterdam,28d,Not disclosed,https://weworkremotely.com/remote-jobs/million-view-club-full-stack-developer-youtube-education-platform
100% Remote - Microsoft Power Platform Developer (Model Driven Power Apps / Dynamics 365 CRM),Novafy,Haryana,2d,Not disclosed,https://weworkremotely.com/remote-jobs/novafy-100-remote-microsoft-power-platform-developer-model-driven-power-apps-dynamics-365-1
100% Remote - Microsoft Power Platform Developer (Model Driven Power Apps / Dynamics 365 CRM),Novafy,Punjab,2d,Not disclosed,https://weworkremotely.com/remote-jobs/novafy-100-remote-microsoft-power-platform-developer-model-driven-power-apps-dynamics-365
".Net Developer with Azure, AngularJS, NodeJS Los Angeles CA(100% Remote)",Dynasticx LLC,California,6d,Not disclosed,https://weworkremotely.com/remote-jobs/dynasticx-llc-net-developer-with-azure-angularjs-nodejs-los-angeles-ca-100-remote
Lead ServiceNow Developer - Boston MA/ Remote - (Active Security Clearance Mandate),Aroha Technologies,Massachusetts,6d,Not disclosed,https://weworkremotely.com/remote-jobs/aroha-technologies-lead-servicenow-developer-boston-ma-remote-active-security-clearance-mandate-1
Java Backend Developer (Google Cloud Experience) - Remote opportunity,HYR Global Source Inc,Georgia,7d,Not disclosed,https://weworkremotely.com/remote-jobs/hyr-global-source-inc-java-backend-developer-google-cloud-experience-remote-opportunity
Senior Independent Software Developer ($90-$170/hr),A.Team,"NYC, SF, and TLV",7d,Not disclosed,https://weworkremotely.com/remote-jobs/a-team-senior-independent-software-developer-90-170-hr
Senior Shopify Developer (Remote + Flexible),Storetasker,"Brooklyn, NY",12d,Not disclosed,https://weworkremotely.com/remote-jobs/storetasker-senior-shopify-developer-remote-flexible-3
Senior Webflow Developer / Full-Stack Web Developer (Contract),Trojan Holdings Limited,"Queenstown, New Zealand",15d,Not disclosed,https://weworkremotely.com/remote-jobs/trojan-holdings-limited-senior-webflow-developer-full-stack-web-developer-contract
Senior Full-Stack Developer,Kodify Media Group,"Barcelona, Spain",15d,"$75,000 - $99,999 USD",https://weworkremotely.com/remote-jobs/kodify-media-group-senior-full-stack-developer-5
Senior Full Stack Developer (Ruby on Rails / React),Shopra,Calgary Alberta Canada,21d,Not disclosed,https://weworkremotely.com/remote-jobs/shopra-senior-full-stack-developer-ruby-on-rails-react
Full Stack Javascript Developer (Shape Up + Small team),Inovo Studios,"Nashville, TN",28d,Not disclosed,https://weworkremotely.com/remote-jobs/inovo-studios-full-stack-javascript-developer-shape-up-small-team-1
Senior Frontend Developer (React.js+Next.js),Proxify AB,Sweden,3d,Not disclosed,https://weworkremotely.com/remote-jobs/proxify-ab-senior-frontend-developer-react-js-next-js
Senior Front-End Wordpress Developer – Tailwind Specialist,LLCU University,Florida,7d,"$75,000 - $99,999 USD",https://weworkremotely.com/remote-jobs/llcu-university-senior-front-end-wordpress-developer-tailwind-specialist
Senior Backend Developer (Node.js / Nest.js),Proxify AB,Sweden,3d,Not disclosed,https://weworkremotely.com/remote-jobs/proxify-ab-senior-backend-developer-node-js-nest-js
Senior Golang Developer,Proxify AB,Sweden,4d,Not disclosed,https://weworkremotely.com/remote-jobs/proxify-ab-senior-golang-developer-4
Senior Backend Developer (Python),Proxify AB,Sweden,3d,Not disclosed,https://weworkremotely.com/remote-jobs/proxify-ab-senior-backend-developer-python-3
Backend Java Developer,Toptal,Remote,8d,"$100,000 or more USD",https://weworkremotely.com/remote-jobs/toptal-backend-java-developer
Senior Rust Developer,Toptal,Remote,8d,"$100,000 or more USD",https://weworkremotely.com/remote-jobs/toptal-senior-rust-developer
AI Product Developer (Apps & Agents) - Remote Sep25,Softlab Solutions,Delhi,3d,Not disclosed,https://weworkremotely.com/remote-jobs/softlab-solutions-ai-product-developer-apps-agents-remote-sep25-18
Senior Full Stack Developer (Ruby on Rails / React),Shopra,Calgary Alberta Canada,21d,Not disclosed,https://weworkremotely.com/remote-jobs/shopra-senior-full-stack-developer-ruby-on-rails-react
Senior Frontend Developer (React.js+Next.js),Proxify AB,Sweden,3d,Not disclosed,https://weworkremotely.com/remote-jobs/proxify-ab-senior-frontend-developer-react-js-next-js
Senior React Engineer,Heyo,,8d,Not disclosed,https://weworkremotely.com/remote-jobs/heyo-senior-react-engineer
